project_id,project_phase,segment_length_km,baseline_cost_musd,planned_duration_months,material_price_index,labor_availability_index,weather_delay_days,permit_delay_days,equipment_downtime_hours,inflation_rate_annual,contractor_experience_score,ground_risk_score,change_orders,safety_incidents,actual_duration_months,actual_cost_musd,cost_overrun_musd,cost_overrun_pct
MRP-001,Track & Tunnel,2.63,133.78,13,1.023,1.012,10,6,36.8,0.0446,75,38,4,2,16.4,157.92,24.14,18.04
MRP-002,Power Systems,17.78,121.72,40,0.98,0.781,16,7,12.9,0.0259,81,31,1,0,43.1,141.26,19.54,16.05
MRP-003,Signaling,7.49,57.65,29,0.988,0.932,5,4,56.0,0.05,60,34,0,1,30.1,75.6,17.95,31.14
MRP-004,Stations,7.43,94.64,28,1.042,0.939,8,3,19.5,0.0381,90,50,1,0,30.2,112.5,17.86,18.87
MRP-005,Civil Works,14.86,80.8,13,1.067,1.005,7,4,42.6,0.0556,82,62,3,0,16.3,97.42,16.62,20.57
MRP-006,Civil Works,17.11,77.94,13,0.894,0.795,9,6,24.8,0.045,71,56,5,1,18.7,99.66,21.72,27.87
MRP-007,Civil Works,17.76,176.36,11,0.971,1.08,9,5,8.6,0.0497,94,48,3,1,13.2,192.62,16.26,9.22
MRP-008,Power Systems,13.86,98.07,37,0.994,0.951,9,5,59.6,0.0335,57,45,0,3,37.2,109.99,11.92,12.15
MRP-009,Stations,7.52,165.43,18,1.039,0.957,9,12,53.5,0.0379,66,21,1,1,22.1,188.64,23.21,14.03
MRP-010,Signaling,2.6,130.2,37,0.938,0.89,11,6,9.2,0.0395,93,34,4,1,43.8,151.96,21.76,16.71
MRP-011,Civil Works,14.26,152.3,38,0.993,0.984,11,4,35.8,0.0553,66,23,3,0,41.4,187.88,35.58,23.36
MRP-012,Power Systems,10.58,112.86,31,1.002,0.935,6,6,14.2,0.0651,56,69,3,1,36.4,139.22,26.36,23.36
MRP-013,Signaling,8.33,122.88,16,0.944,1.051,11,6,5.4,0.0353,76,57,1,2,17.2,132.25,9.37,7.63
MRP-014,Civil Works,16.43,111.49,10,0.942,0.786,8,9,11.9,0.0579,77,42,2,0,12.2,143.48,31.99,28.69
MRP-015,Civil Works,3.07,71.36,38,1.008,0.948,6,9,57.3,0.019,84,78,4,0,43.9,87.54,16.18,22.67
MRP-016,Civil Works,9.48,142.53,31,0.99,0.971,9,5,43.3,0.0307,59,94,1,1,34.0,164.83,22.3,15.65
MRP-017,Track & Tunnel,1.39,82.9,38,1.04,0.911,11,7,18.4,0.0335,63,47,0,0,41.4,104.27,21.37,25.78
MRP-018,Stations,9.07,48.28,13,0.916,0.89,10,10,57.4,0.0288,75,85,1,0,15.9,58.72,10.44,21.62
MRP-019,Track & Tunnel,2.15,132.14,9,0.972,0.894,12,2,50.8,0.026,65,27,5,0,12.6,156.86,24.72,18.71
MRP-020,Track & Tunnel,3.2,68.91,27,0.982,0.947,8,5,11.9,0.05,59,48,4,1,31.3,81.91,13.0,18.87
MRP-021,Stations,3.17,171.96,35,1.065,0.749,16,5,66.9,0.0424,89,30,1,1,38.8,223.42,51.46,29.93
MRP-022,Civil Works,12.11,173.78,18,0.925,1.027,13,5,17.2,0.0496,81,37,4,0,22.1,188.63,14.85,8.55
MRP-023,Track & Tunnel,13.73,168.51,11,1.019,0.882,5,7,19.2,0.0533,56,74,5,0,15.4,206.87,38.36,22.76
MRP-024,Track & Tunnel,11.0,94.97,22,1.02,0.943,10,4,3.1,0.0482,78,69,0,0,23.9,117.05,22.08,23.25
MRP-025,Track & Tunnel,17.36,47.09,13,1.132,0.967,6,7,14.0,0.0529,85,33,2,0,15.0,60.52,13.43,28.52
MRP-026,Signaling,7.5,170.32,37,0.919,0.877,7,4,20.9,0.0442,87,93,1,1,39.2,204.19,33.87,19.89
MRP-027,Civil Works,6.0,102.8,9,0.947,0.917,9,8,29.3,0.0308,93,28,1,0,11.2,110.49,7.69,7.48
MRP-028,Stations,15.79,175.5,22,0.925,0.726,10,5,8.6,0.0577,84,30,5,0,26.3,222.26,46.76,26.64
MRP-029,Stations,4.96,175.09,18,0.866,1.003,5,7,12.4,0.0379,91,82,1,0,21.1,189.77,14.68,8.38
MRP-030,Civil Works,17.38,160.16,15,1.141,1.038,7,5,67.9,0.0338,82,86,2,1,18.4,191.07,30.91,19.3
MRP-031,Stations,1.4,84.75,33,0.901,0.76,7,8,48.5,0.0429,85,72,3,0,36.0,109.58,24.83,29.3
MRP-032,Civil Works,17.49,96.99,12,0.935,0.889,14,5,54.7,0.034,65,58,2,0,14.9,111.38,14.39,14.84
MRP-033,Civil Works,1.93,159.9,13,1.105,0.807,11,3,22.3,0.04,77,75,1,1,14.7,206.62,46.72,29.22
MRP-034,Power Systems,16.17,87.78,33,0.86,0.912,5,8,30.0,0.0491,56,47,5,1,37.0,109.29,21.51,24.5
MRP-035,Power Systems,10.07,67.88,11,1.061,0.995,8,12,36.4,0.0492,94,94,2,2,12.0,79.6,11.72,17.27
MRP-036,Signaling,17.88,120.17,26,0.887,1.029,5,10,67.2,0.0342,95,58,1,0,27.5,136.45,16.28,13.55
MRP-037,Track & Tunnel,2.44,171.38,27,1.1,1.042,7,3,5.2,0.0391,81,44,3,0,29.5,207.93,36.55,21.33
MRP-038,Civil Works,10.5,138.96,40,0.826,1.061,14,3,15.2,0.0579,89,40,1,0,42.3,156.81,17.85,12.85
MRP-039,Stations,17.48,121.96,27,0.86,0.908,9,9,28.0,0.051,56,29,0,0,29.0,142.45,20.49,16.8
MRP-040,Track & Tunnel,9.99,58.12,19,0.956,0.815,15,7,24.9,0.0699,93,62,0,0,19.7,75.0,16.88,29.04
MRP-041,Civil Works,11.77,128.03,8,1.078,0.919,8,4,12.3,0.0592,91,34,2,0,11.0,154.16,26.13,20.41
MRP-042,Track & Tunnel,12.89,178.66,33,0.998,0.993,14,5,34.2,0.0587,75,67,2,1,34.8,215.74,37.08,20.75
MRP-043,Civil Works,8.84,63.91,21,0.973,0.807,10,3,15.7,0.0283,59,40,7,0,27.0,84.63,20.72,32.42
MRP-044,Power Systems,11.74,114.97,18,1.108,1.096,5,4,23.6,0.0542,75,79,3,0,20.4,139.82,24.85,21.61
MRP-045,Civil Works,11.02,163.45,20,1.172,1.02,10,5,33.1,0.0444,83,69,4,1,25.0,208.66,45.21,27.66
MRP-046,Stations,16.34,145.0,10,1.054,0.909,7,4,16.4,0.0384,74,42,4,1,14.1,169.72,24.72,17.05
MRP-047,Track & Tunnel,1.96,139.1,40,0.95,0.859,8,4,40.8,0.047,92,32,3,0,43.2,173.6,34.5,24.8
MRP-048,Stations,5.92,139.84,13,0.967,0.863,8,8,46.1,0.0563,74,88,2,0,15.0,166.04,26.2,18.74
MRP-049,Stations,17.17,93.53,17,0.897,0.937,9,7,12.7,0.051,79,23,1,0,18.7,105.45,11.92,12.74
MRP-050,Civil Works,16.16,84.63,12,1.008,0.907,13,4,15.6,0.0345,56,91,0,2,15.6,101.27,16.64,19.66
MRP-051,Power Systems,8.86,154.26,30,0.87,1.025,5,5,9.9,0.0539,86,28,2,1,31.9,169.85,15.59,10.11
MRP-052,Signaling,11.62,154.37,17,1.044,0.896,12,6,23.2,0.0373,80,54,3,2,21.2,185.6,31.23,20.23
MRP-053,Power Systems,5.86,162.05,9,1.16,0.981,8,4,29.3,0.0476,60,40,5,0,13.6,202.2,40.15,24.78
MRP-054,Power Systems,4.36,168.29,20,1.057,0.927,6,3,17.7,0.0414,95,77,2,0,23.0,194.58,26.29,15.62
MRP-055,Stations,8.99,114.03,9,0.962,0.957,8,7,28.7,0.0424,57,37,1,1,12.1,123.39,9.36,8.21
MRP-056,Power Systems,7.14,112.7,27,1.042,0.907,5,9,15.3,0.0542,87,91,3,2,30.0,139.18,26.48,23.5
MRP-057,Civil Works,11.01,152.77,8,1.13,1.001,8,9,15.7,0.0325,55,62,0,0,10.3,180.48,27.71,18.14
MRP-058,Civil Works,2.51,132.75,16,1.126,1.002,12,7,30.5,0.0683,59,25,3,1,23.0,163.99,31.24,23.53
MRP-059,Civil Works,17.57,139.77,24,0.92,0.976,9,7,16.6,0.0231,67,86,3,1,28.2,156.74,16.97,12.14
MRP-060,Track & Tunnel,17.77,152.43,16,1.041,0.991,10,7,22.2,0.0378,73,31,5,0,22.9,180.97,28.54,18.72
MRP-061,Track & Tunnel,12.93,165.15,18,0.987,0.836,8,9,31.2,0.0494,66,31,2,0,21.4,201.23,36.08,21.85
MRP-062,Civil Works,10.21,90.63,22,1.065,0.962,10,6,28.4,0.052,79,85,0,1,22.3,113.65,23.02,25.4
MRP-063,Signaling,6.4,95.7,31,1.031,1.055,8,3,15.5,0.0438,89,21,1,1,33.2,110.94,15.24,15.92
MRP-064,Track & Tunnel,14.87,57.69,37,0.82,0.979,15,7,49.3,0.0443,66,34,3,1,40.4,74.29,16.6,28.77
MRP-065,Track & Tunnel,12.7,123.07,38,0.972,0.827,11,2,35.3,0.0499,84,42,4,0,41.3,158.6,35.53,28.87
MRP-066,Stations,3.93,49.85,12,1.016,0.925,12,3,28.0,0.0422,59,48,4,1,16.1,66.9,17.05,34.2
MRP-067,Civil Works,16.5,107.86,21,0.885,0.967,8,5,8.7,0.0617,88,26,3,0,24.2,119.92,12.06,11.18
MRP-068,Signaling,15.02,118.26,18,1.046,0.854,13,5,25.4,0.0551,76,47,1,0,18.9,143.03,24.77,20.95
MRP-069,Civil Works,17.16,83.68,16,0.878,0.794,6,6,13.7,0.0555,93,33,0,2,20.5,103.15,19.47,23.27
MRP-070,Power Systems,13.39,124.76,41,0.936,0.898,13,8,33.5,0.0334,67,63,2,1,45.0,149.14,24.38,19.54
MRP-071,Signaling,11.51,49.12,19,1.107,0.856,9,5,0.4,0.044,57,49,3,0,22.7,67.76,18.64,37.95
MRP-072,Civil Works,8.23,50.04,8,0.929,0.929,12,6,19.0,0.0414,74,51,2,1,11.0,60.37,10.33,20.64
MRP-073,Civil Works,16.87,156.05,29,1.046,0.771,8,7,14.9,0.0329,85,89,1,3,32.5,195.82,39.77,25.49
MRP-074,Signaling,15.75,93.63,36,0.86,0.986,11,0,40.9,0.0493,59,25,3,0,41.7,112.71,19.08,20.38
MRP-075,Signaling,1.96,62.15,15,1.167,0.867,8,3,3.3,0.0385,78,46,1,1,17.7,79.03,16.88,27.16
MRP-076,Signaling,1.64,115.5,18,0.976,1.03,10,7,24.2,0.0529,94,43,3,1,21.7,132.71,17.21,14.9
MRP-077,Signaling,7.52,148.95,21,1.008,0.902,5,4,34.9,0.0322,87,53,3,1,25.9,175.5,26.55,17.82
MRP-078,Civil Works,14.82,74.14,37,1.014,0.927,8,7,75.5,0.0656,62,59,4,0,41.3,100.51,26.37,35.57
MRP-079,Track & Tunnel,17.79,129.09,28,1.049,0.913,17,7,15.7,0.0342,78,66,2,0,31.7,158.29,29.2,22.62
MRP-080,Civil Works,3.73,56.52,12,0.878,0.861,10,10,29.7,0.0476,74,94,1,1,15.5,73.17,16.65,29.46
MRP-081,Power Systems,11.18,51.98,26,1.0,1.1,5,3,3.6,0.0545,70,43,3,0,28.6,60.5,8.52,16.39
MRP-082,Stations,7.6,116.73,21,0.947,0.88,8,4,23.2,0.0382,66,84,1,1,20.4,134.82,18.09,15.5
MRP-083,Track & Tunnel,17.49,117.99,33,0.865,1.032,2,4,51.8,0.0552,67,37,5,1,36.9,143.45,25.46,21.58
MRP-084,Civil Works,15.35,131.05,11,1.079,0.821,8,6,76.0,0.0302,93,63,2,1,14.6,169.83,38.78,29.59
MRP-085,Track & Tunnel,15.28,143.02,32,0.972,0.967,10,9,31.8,0.0624,79,76,3,1,36.5,175.52,32.5,22.72
MRP-086,Track & Tunnel,9.07,176.74,32,1.019,0.978,9,7,4.9,0.0452,86,47,0,1,35.0,200.89,24.15,13.66
MRP-087,Signaling,8.17,114.7,25,1.014,0.928,6,5,57.4,0.0378,78,90,1,0,26.4,136.78,22.08,19.25
MRP-088,Stations,5.79,88.6,15,0.973,0.873,7,6,5.0,0.0414,63,42,4,1,20.9,107.64,19.04,21.49
MRP-089,Power Systems,2.15,152.35,21,1.158,0.904,9,5,7.8,0.0547,94,53,1,0,23.2,186.37,34.02,22.33
MRP-090,Track & Tunnel,15.73,81.56,39,0.996,0.89,7,6,60.7,0.038,77,30,5,1,44.5,107.9,26.34,32.3
MRP-091,Civil Works,14.86,104.26,40,0.875,1.1,6,6,21.9,0.036,67,54,0,2,42.3,119.11,14.85,14.24
MRP-092,Signaling,18.0,55.59,30,0.968,0.928,16,9,14.2,0.0423,86,61,2,1,31.6,72.06,16.47,29.63
MRP-093,Signaling,17.94,48.42,22,1.04,0.982,10,4,38.4,0.0309,69,47,4,0,24.9,61.56,13.14,27.14
MRP-094,Stations,10.53,174.96,40,1.043,1.1,5,7,26.4,0.0668,90,43,2,2,41.4,209.66,34.7,19.83
MRP-095,Signaling,14.12,157.86,32,0.913,0.842,10,5,48.7,0.0382,59,27,2,0,36.0,191.49,33.63,21.3
MRP-096,Track & Tunnel,17.07,138.96,24,1.074,0.934,5,5,27.4,0.055,76,72,2,0,26.1,175.51,36.55,26.3
MRP-097,Stations,15.47,100.21,40,0.859,0.903,7,7,27.8,0.0475,70,91,2,1,45.1,123.75,23.54,23.49
MRP-098,Track & Tunnel,5.36,68.39,9,1.092,0.921,13,6,47.5,0.0332,95,23,2,0,12.0,89.35,20.96,30.65
MRP-099,Civil Works,8.77,66.12,21,0.894,0.912,8,8,21.7,0.0449,64,24,1,0,21.3,79.74,13.62,20.6
MRP-100,Civil Works,3.37,78.78,13,0.982,0.857,12,5,10.7,0.0544,78,68,2,0,15.0,90.36,11.58,14.7
MRP-101,Civil Works,17.23,119.15,13,1.085,0.95,7,6,39.9,0.0427,72,49,1,0,15.1,144.61,25.46,21.37
MRP-102,Stations,11.38,141.47,10,1.01,0.824,12,6,18.4,0.0593,72,91,0,0,12.1,171.18,29.71,21.0
MRP-103,Track & Tunnel,5.04,134.13,14,1.065,1.029,12,10,29.0,0.0573,61,82,3,0,16.6,168.79,34.66,25.84
MRP-104,Stations,12.48,82.79,15,1.049,0.992,13,5,2.7,0.056,58,66,2,0,18.6,97.41,14.62,17.66
MRP-105,Power Systems,11.58,173.91,22,1.103,0.881,10,4,21.0,0.0395,80,45,0,1,24.3,210.07,36.16,20.79
MRP-106,Civil Works,7.22,144.62,36,1.085,0.886,6,3,15.1,0.032,59,76,3,2,38.4,183.52,38.9,26.9
MRP-107,Track & Tunnel,3.11,119.84,40,0.964,0.958,9,6,2.5,0.0376,70,56,2,1,45.1,140.63,20.79,17.35
MRP-108,Signaling,12.48,127.58,37,1.051,0.85,9,3,21.6,0.0474,89,26,5,0,41.1,166.34,38.76,30.38
MRP-109,Civil Works,9.94,101.65,34,0.878,1.1,7,4,22.1,0.0515,80,59,3,0,36.1,118.61,16.96,16.68
MRP-110,Civil Works,14.17,78.44,36,0.995,0.966,6,4,30.5,0.0189,72,58,2,0,36.7,95.36,16.92,21.57
MRP-111,Track & Tunnel,9.94,93.06,40,1.065,0.969,10,5,51.2,0.0449,83,81,2,1,44.2,118.93,25.87,27.8
MRP-112,Civil Works,15.52,147.31,34,1.011,0.998,11,7,45.7,0.0469,77,72,3,1,37.6,170.62,23.31,15.82
MRP-113,Power Systems,10.47,46.94,40,1.036,0.872,11,3,16.0,0.0417,68,23,2,1,42.1,59.87,12.93,27.55
MRP-114,Signaling,10.62,60.67,11,0.983,1.039,5,5,26.9,0.0605,69,44,2,0,11.7,72.03,11.36,18.72
MRP-115,Stations,15.93,51.21,29,1.09,0.941,6,5,33.8,0.0501,87,26,1,0,30.4,62.28,11.07,21.62
MRP-116,Power Systems,7.98,50.5,9,0.994,1.025,8,4,16.4,0.0607,79,47,0,1,13.1,47.83,-2.67,-5.29
MRP-117,Signaling,3.45,160.49,17,0.963,0.91,11,7,5.5,0.0424,75,88,1,3,16.6,186.03,25.54,15.91
MRP-118,Civil Works,1.68,139.99,12,1.071,1.062,11,9,19.8,0.0562,71,86,3,2,14.9,167.84,27.85,19.89
MRP-119,Power Systems,13.89,109.01,17,0.888,0.97,8,8,52.6,0.0646,77,39,1,0,21.3,123.67,14.66,13.45
MRP-120,Stations,11.62,58.21,40,1.04,1.1,12,7,5.2,0.0607,71,30,2,0,44.4,72.5,14.29,24.55
MRP-121,Signaling,13.03,111.37,20,0.917,0.893,10,8,9.7,0.0319,68,86,1,0,21.5,130.5,19.13,17.18
MRP-122,Power Systems,4.78,108.92,38,1.102,0.95,5,7,11.7,0.042,83,26,1,2,40.1,135.91,26.99,24.78
MRP-123,Track & Tunnel,3.49,68.38,31,0.979,0.827,5,5,9.8,0.0409,74,42,1,2,33.4,81.71,13.33,19.49
MRP-124,Civil Works,1.44,103.57,22,1.011,0.877,8,10,38.5,0.0509,84,80,4,1,26.5,129.11,25.54,24.66
MRP-125,Civil Works,7.09,98.8,36,1.033,0.992,7,5,13.7,0.0532,73,90,2,1,40.7,123.04,24.24,24.53
MRP-126,Track & Tunnel,11.11,128.14,15,0.846,1.043,6,4,39.2,0.0349,93,53,3,1,18.6,145.73,17.59,13.73
MRP-127,Signaling,7.79,130.74,12,0.948,1.1,5,5,24.1,0.0458,67,38,0,1,14.5,142.82,12.08,9.24
MRP-128,Power Systems,8.55,51.12,36,1.083,0.92,8,4,3.9,0.0208,72,77,1,1,38.1,62.74,11.62,22.73
MRP-129,Civil Works,16.39,95.57,11,1.069,0.837,11,10,16.7,0.0623,77,28,2,0,11.6,122.47,26.9,28.15
MRP-130,Stations,7.05,129.49,19,1.023,1.005,9,5,46.6,0.0389,87,67,2,1,20.3,146.91,17.42,13.45
MRP-131,Track & Tunnel,9.84,112.92,9,0.892,0.817,9,3,26.2,0.0457,93,60,6,3,13.2,134.79,21.87,19.37
MRP-132,Civil Works,14.37,160.63,34,1.047,0.986,6,5,17.8,0.0413,94,67,3,1,37.0,190.56,29.93,18.63
MRP-133,Civil Works,7.86,133.92,38,1.057,0.88,8,5,53.1,0.0588,72,64,2,1,43.1,174.83,40.91,30.55
MRP-134,Track & Tunnel,11.65,67.0,33,1.004,0.951,8,10,8.8,0.015,63,44,2,0,36.3,87.53,20.53,30.64
MRP-135,Power Systems,15.69,54.53,34,1.098,1.039,13,4,14.1,0.0448,87,44,2,1,36.7,69.25,14.72,26.99
MRP-136,Track & Tunnel,17.15,131.73,12,0.945,0.919,15,8,43.7,0.0437,86,38,2,0,16.6,148.36,16.63,12.62
MRP-137,Stations,3.67,48.58,27,0.959,1.023,2,10,37.9,0.0396,71,58,4,0,29.3,57.01,8.43,17.35
MRP-138,Signaling,16.77,124.08,18,0.82,1.017,9,8,8.1,0.0657,73,46,1,2,19.6,143.54,19.46,15.68
MRP-139,Track & Tunnel,9.47,171.93,17,1.074,0.744,6,9,33.0,0.0344,81,93,2,0,19.0,223.46,51.53,29.97
MRP-140,Power Systems,5.54,122.69,13,1.025,0.84,12,5,13.5,0.0543,60,82,2,0,16.3,145.25,22.56,18.39
MRP-141,Power Systems,8.91,97.4,15,0.865,0.774,7,8,2.4,0.0493,89,87,0,4,17.4,118.83,21.43,22.0
MRP-142,Civil Works,17.66,131.84,30,0.859,1.1,4,8,18.1,0.0601,91,38,2,1,33.2,148.46,16.62,12.61
MRP-143,Track & Tunnel,9.48,106.86,33,0.93,0.919,15,11,79.2,0.037,88,47,3,0,37.6,133.43,26.57,24.86
MRP-144,Track & Tunnel,6.72,118.66,19,1.063,1.1,6,6,47.2,0.0362,74,52,5,1,23.3,143.09,24.43,20.59
MRP-145,Track & Tunnel,11.84,172.1,33,0.976,0.767,14,7,22.5,0.0582,79,29,1,0,35.7,223.33,51.23,29.77
MRP-146,Civil Works,5.23,97.12,20,0.936,0.873,2,10,4.8,0.0501,58,49,0,0,20.2,117.02,19.9,20.49
MRP-147,Stations,2.47,174.76,25,0.92,1.01,7,6,2.5,0.0265,64,41,2,0,28.5,186.21,11.45,6.55
MRP-148,Stations,3.37,167.22,32,0.916,0.948,5,8,24.2,0.0385,64,22,2,1,34.0,183.46,16.24,9.71
MRP-149,Civil Works,3.35,71.43,40,0.845,0.983,14,1,31.4,0.0496,78,94,0,0,40.0,93.65,22.22,31.11
MRP-150,Civil Works,3.75,54.36,19,0.903,0.805,7,8,38.8,0.0551,75,67,3,0,22.5,71.31,16.95,31.18
MRP-151,Power Systems,3.53,58.61,11,0.914,1.068,12,4,35.7,0.0368,65,21,5,0,13.6,66.49,7.88,13.44
MRP-152,Civil Works,11.97,47.46,12,1.055,1.008,16,8,37.9,0.015,81,73,0,0,15.6,62.02,14.56,30.68
MRP-153,Civil Works,4.26,57.75,15,0.987,0.97,7,9,28.7,0.0513,70,25,0,1,17.4,68.95,11.2,19.39
MRP-154,Track & Tunnel,7.01,137.21,35,0.934,0.861,12,3,52.3,0.0304,80,59,3,3,38.9,171.13,33.92,24.72
MRP-155,Power Systems,16.27,54.61,38,1.185,0.962,11,0,15.1,0.0208,84,21,7,0,42.1,73.24,18.63,34.11
MRP-156,Civil Works,9.16,88.06,16,0.947,0.901,6,5,23.9,0.015,70,92,1,1,17.0,108.36,20.3,23.05
MRP-157,Stations,12.41,159.06,36,1.093,0.765,8,6,3.9,0.0548,61,21,1,4,38.0,205.51,46.45,29.2
MRP-158,Signaling,4.09,48.14,21,1.13,0.925,10,3,14.8,0.0465,70,93,3,0,24.0,67.02,18.88,39.22
MRP-159,Civil Works,4.43,154.95,29,0.874,0.914,8,3,46.3,0.0423,89,74,2,2,29.5,181.13,26.18,16.9
MRP-160,Signaling,1.89,83.05,18,1.006,1.036,10,4,37.1,0.0617,70,91,1,1,18.4,103.82,20.77,25.01
MRP-161,Track & Tunnel,4.04,60.95,30,0.959,0.707,8,5,1.4,0.0526,94,79,2,2,32.3,84.49,23.54,38.62
MRP-162,Stations,5.88,139.06,8,0.952,0.954,7,9,83.1,0.0644,66,25,4,2,10.7,155.85,16.79,12.07
MRP-163,Stations,4.17,129.91,28,1.044,0.814,11,2,26.3,0.0283,89,38,3,0,33.0,157.4,27.49,21.16
MRP-164,Stations,2.69,163.46,33,0.95,0.962,10,5,26.7,0.0446,75,46,3,0,37.0,189.71,26.25,16.06
MRP-165,Civil Works,3.23,144.23,30,0.96,0.967,8,3,14.0,0.0256,90,20,1,1,30.9,158.68,14.45,10.02
MRP-166,Signaling,8.94,153.47,8,0.987,0.921,8,7,16.8,0.0422,71,52,4,0,13.6,174.08,20.61,13.43
MRP-167,Track & Tunnel,4.67,83.07,22,0.97,1.011,9,3,26.1,0.042,86,59,3,1,26.5,95.31,12.24,14.73
MRP-168,Civil Works,7.32,68.95,28,0.906,0.805,5,5,35.6,0.0525,95,51,2,0,30.8,84.58,15.63,22.67
MRP-169,Civil Works,9.66,146.33,16,1.064,1.041,15,4,29.7,0.0455,60,88,1,0,18.2,170.85,24.52,16.76
MRP-170,Stations,12.8,153.92,16,1.084,0.859,13,6,15.0,0.0525,78,36,1,0,17.9,190.21,36.29,23.58
MRP-171,Stations,1.86,178.72,17,1.027,0.774,7,8,10.5,0.0534,81,27,2,1,19.1,218.56,39.84,22.29
MRP-172,Civil Works,14.63,100.7,33,0.97,0.903,8,5,9.9,0.0709,74,76,2,0,34.0,127.32,26.62,26.43
MRP-173,Stations,11.75,95.22,32,0.944,0.72,4,7,48.8,0.0412,79,61,2,2,36.4,121.88,26.66,28.0
MRP-174,Civil Works,2.57,149.82,33,0.944,0.955,10,4,44.9,0.0337,56,28,0,0,33.7,169.61,19.79,13.21
MRP-175,Stations,15.88,91.01,18,1.189,0.904,12,5,33.3,0.048,63,54,0,0,19.5,114.35,23.34,25.65
MRP-176,Civil Works,16.67,170.65,9,1.075,1.053,12,6,48.6,0.0354,82,90,2,1,10.8,199.85,29.2,17.11
MRP-177,Stations,2.23,160.89,14,0.933,0.995,4,8,21.1,0.0628,92,72,1,1,15.6,173.28,12.39,7.7
MRP-178,Track & Tunnel,5.85,102.91,25,1.013,0.791,5,5,42.2,0.0416,57,73,4,0,32.3,136.95,34.04,33.08
MRP-179,Power Systems,14.74,146.37,34,0.971,0.846,7,5,34.5,0.0382,74,44,3,2,36.4,171.44,25.07,17.13
MRP-180,Civil Works,13.77,146.86,41,1.047,0.982,7,7,43.0,0.0393,60,86,0,0,44.0,178.22,31.36,21.35
MRP-181,Track & Tunnel,4.3,58.92,34,1.043,1.015,11,5,9.0,0.0536,93,81,4,0,38.2,79.88,20.96,35.57
MRP-182,Civil Works,4.72,166.84,24,1.087,1.052,8,4,28.4,0.0431,87,74,4,1,28.8,196.94,30.1,18.04
MRP-183,Power Systems,7.42,113.21,31,0.932,1.051,5,4,17.5,0.0373,55,65,3,0,35.6,129.47,16.26,14.36
MRP-184,Power Systems,9.34,156.57,32,1.008,0.921,10,3,1.8,0.065,91,43,0,0,33.6,182.07,25.5,16.29
MRP-185,Civil Works,11.59,88.21,14,0.86,0.966,11,6,54.2,0.0347,60,65,4,0,17.8,108.6,20.39,23.12
MRP-186,Stations,7.4,165.9,13,0.899,1.06,7,8,44.9,0.0454,88,41,1,3,14.8,173.71,7.81,4.71
MRP-187,Signaling,8.97,97.54,31,1.071,0.9,9,7,30.3,0.0528,69,30,2,1,33.6,122.02,24.48,25.1
MRP-188,Stations,13.76,46.46,40,0.924,0.968,6,8,11.2,0.0254,80,67,4,1,46.3,57.61,11.15,24.0
MRP-189,Stations,1.82,167.23,36,0.933,0.897,6,10,3.7,0.0508,68,27,3,0,37.7,194.6,27.37,16.37
MRP-190,Civil Works,5.44,57.32,29,0.999,0.875,13,7,1.8,0.0323,61,58,1,0,29.2,71.77,14.45,25.21
MRP-191,Civil Works,13.18,88.11,33,1.056,0.935,12,8,14.7,0.0549,85,54,0,0,32.6,107.62,19.51,22.14
MRP-192,Power Systems,16.24,173.26,35,0.915,0.861,7,10,38.3,0.0334,78,68,1,0,36.1,200.85,27.59,15.92
MRP-193,Power Systems,9.8,173.33,28,0.82,0.917,11,4,17.7,0.0533,85,65,3,1,32.3,202.09,28.76,16.59
MRP-194,Stations,10.14,122.41,14,0.93,0.827,10,0,33.6,0.0583,83,57,2,1,17.4,144.22,21.81,17.82
MRP-195,Track & Tunnel,3.0,130.3,24,1.096,0.911,4,6,34.8,0.0553,86,27,0,1,24.4,163.58,33.28,25.54
MRP-196,Track & Tunnel,8.72,105.54,27,1.027,0.975,13,8,37.9,0.048,71,73,2,0,30.0,128.45,22.91,21.71
MRP-197,Signaling,10.15,84.58,27,1.106,0.871,10,8,2.9,0.0422,68,56,4,1,30.0,112.8,28.22,33.36
MRP-198,Power Systems,5.27,89.37,29,0.909,0.931,6,6,12.1,0.0381,94,59,0,1,29.0,98.82,9.45,10.57
MRP-199,Power Systems,5.72,135.79,35,0.869,0.944,6,5,33.1,0.0627,90,53,3,2,38.9,161.37,25.58,18.84
MRP-200,Signaling,7.54,146.57,14,1.037,0.975,17,10,62.2,0.0366,78,36,1,0,17.9,166.89,20.32,13.86
MRP-201,Stations,1.54,151.86,8,1.019,0.917,13,6,50.9,0.0326,81,52,5,1,12.5,173.48,21.62,14.24
MRP-202,Civil Works,6.61,151.6,39,1.024,1.039,11,11,29.1,0.053,79,66,4,0,45.5,185.21,33.61,22.17
MRP-203,Civil Works,4.75,57.31,20,1.075,0.72,11,6,54.6,0.0354,86,71,0,1,22.6,83.08,25.77,44.97
MRP-204,Power Systems,6.7,111.75,37,1.034,1.1,8,9,29.0,0.0336,72,28,3,1,42.5,129.19,17.44,15.61
MRP-205,Stations,3.21,52.77,30,1.032,0.843,11,5,5.0,0.0277,72,52,1,0,31.7,67.31,14.54,27.55
MRP-206,Civil Works,16.16,119.19,26,1.057,0.97,9,7,37.5,0.0392,91,79,1,1,29.9,144.81,25.62,21.5
MRP-207,Civil Works,11.17,104.61,39,1.04,0.836,7,3,52.1,0.044,80,40,3,0,44.8,135.8,31.19,29.82
MRP-208,Stations,12.61,164.84,37,1.069,0.994,5,5,75.3,0.0479,63,77,3,0,39.7,203.57,38.73,23.5
MRP-209,Civil Works,14.46,92.37,36,1.081,0.958,10,3,14.3,0.0564,89,88,4,0,39.9,120.29,27.92,30.23
MRP-210,Civil Works,9.57,60.8,36,1.123,0.865,6,3,8.1,0.0513,62,29,1,0,36.6,81.34,20.54,33.78
MRP-211,Stations,2.66,64.3,37,0.948,1.037,8,4,42.3,0.0427,74,25,3,0,38.9,73.92,9.62,14.96
MRP-212,Stations,10.22,147.8,23,1.038,0.914,8,5,31.7,0.0426,76,32,3,0,25.0,176.1,28.3,19.15
MRP-213,Stations,11.06,128.46,26,0.97,0.985,14,9,29.7,0.0511,73,84,2,0,28.2,149.43,20.97,16.32
MRP-214,Civil Works,13.72,58.65,25,0.933,0.838,12,5,55.1,0.0603,84,39,2,1,28.2,76.38,17.73,30.23
MRP-215,Signaling,8.45,56.35,8,0.945,0.927,10,9,42.2,0.0465,82,76,2,1,10.0,67.98,11.63,20.64
MRP-216,Civil Works,3.34,139.63,21,1.04,1.1,7,4,33.9,0.0394,89,65,1,1,23.1,161.89,22.26,15.94
MRP-217,Track & Tunnel,5.97,54.82,9,1.033,1.026,11,11,16.0,0.0331,65,27,1,1,11.7,69.29,14.47,26.4
MRP-218,Signaling,7.3,155.95,35,1.032,0.961,6,6,39.9,0.0277,85,29,0,1,35.6,176.16,20.21,12.96
MRP-219,Stations,12.05,140.34,37,0.982,0.885,10,4,7.7,0.053,93,92,1,0,38.9,168.24,27.9,19.88
MRP-220,Signaling,10.79,55.98,11,1.0,0.937,9,5,28.9,0.0519,90,86,3,1,13.8,73.73,17.75,31.71
